Tibetan,English,Meaning and scope,Allowed grammatical forms,Contextual exceptions,Related entries,Rationale and sources,Status and open questions
གཞི་,The Ground,"Retain the glossary's internal capital in the technical term while using normal sentence capitalization for the article. | Earth as bodily foundation, and the support of the teaching. The local physical/support sense is proposed separately from the technical Ground.","Unapproved grammatical proposals, where applicable; see usage records.","No semantic change to The Ground. Ordinary foundation constructions and longer unlisted compounds require their own contextual record rather than silent blanket replacement. | The canonical The Ground remains unchanged. Do not globally lowercase or replace gzhi, including the unresolved Ground-of-words and outer-times passages.",Component of: གཞི་སྣང་,"Canonical entry The Ground; standard calls for a recorded internal-capitalization decision. | Explicit body and teaching support constructions; N-055 and N-065. Source-locator IDs: N-T09, N-T30. Headword rendered from saved EWTS; verify against exact source quotes.","Original pair retained; attached usage proposals unapproved. N-T09, N-T30; Provisional presentation decision | Proposed contextual use; requires review Working renderings: the Ground | foundation"
ཅེར་མཐོང་,Naked seeing,"The concluding liberation account; split into three rows. The last is a recognizable inflection of the established nyams myong expression, not a new synonym for experience.","Unapproved grammatical proposals, where applicable; see usage records.","Do not collapse gdar sha chod with the differently worded la bzla, or silently amend cer to gcer. Keep experiential acquaintance distinct from nyams, experience.",Distinct entry: ཅེར་གཞག་,N-157 and N-158; active nyams myong entry checked. Source-locator IDs: N-T85. Headword rendered from saved EWTS; verify against exact source quotes.,Original pair retained; attached usage proposals unapproved. N-T85; Proposed expression/grammatical treatment; requires review Working renderings: decisively resolved; naked seeing; experiential acquaintance
ཆོས་ཉིད་,Nature of phenomena,Only the formal paired subject/property construction in the argumentative passage.,"Unapproved grammatical proposals, where applicable; see usage records.","The canonical Nature of phenomena remains the default everywhere else. This is a visible contextual proposal, not an unmarked glossary replacement or a merely grammatical inflection.",Component of: ཆོས་ཉིད་མངོན་སུམ་གྱི་སྣང་བ་; ཆོས་ཉིད་ཟད་པའི་སྣང་བ་,"chos can, assertion, logical reason, proof, and example occur in the same sequence; this supports a logical construal but does not settle it beyond review. Source-locator IDs: N-T20. Headword rendered from saved EWTS; verify against exact source quotes.",Original pair retained; attached usage proposals unapproved. N-T20; Proposed contextual use; requires review Working renderings: property
ཆོས་དབྱིངས་,Basic space of phenomena,The explicitly coordinated fivefold primordial-knowing list; split into five rows. Discriminating primordial knowing uses the established full expression through a local spelling/short-form proposal; the other full names remain proposals.,"Unapproved grammatical proposals, where applicable; see usage records.","Do not globally expand mirror, evenness or basic space into primordial-knowing names. Retain the source's rtogs spelling and the two listed sequences without altering Tibetan.",Contains: དབྱིངས་,The abbreviated predicates at U03277–U03282 and explicit ye shes list at U03306–U03307; active discriminating-primordial-knowing entry consulted. Source-locator IDs: N-T80. Headword rendered from saved EWTS; verify against exact source quotes.,Original pair retained; attached usage proposals unapproved. N-T80; Proposed; requires review Working renderings: mirror-like primordial knowing; primordial knowing of evenness; discriminating primordial knowing; activity-accomplishing primordial knowing; primordial knowing of the basic space of phenomena
མཉམ་ཉིད་,Evenness,The explicitly coordinated fivefold primordial-knowing list; split into five rows. Discriminating primordial knowing uses the established full expression through a local spelling/short-form proposal; the other full names remain proposals.,"Unapproved grammatical proposals, where applicable; see usage records.","Do not globally expand mirror, evenness or basic space into primordial-knowing names. Retain the source's rtogs spelling and the two listed sequences without altering Tibetan.",,The abbreviated predicates at U03277–U03282 and explicit ye shes list at U03306–U03307; active discriminating-primordial-knowing entry consulted. Source-locator IDs: N-T80. Headword rendered from saved EWTS; verify against exact source quotes.,Original pair retained; attached usage proposals unapproved. N-T80; Proposed; requires review Working renderings: mirror-like primordial knowing; primordial knowing of evenness; discriminating primordial knowing; activity-accomplishing primordial knowing; primordial knowing of the basic space of phenomena
རང་བཞིན་,Intrinsic nature,"The adverbial construction describing letters abiding in channels, without an explicit gyis particle.","Unapproved grammatical proposals, where applicable; see usage records.",Does not extend all rang bzhin uses to adverbs or alter intrinsic nature as the canonical noun; the absent particle and attachment remain review questions.,"Component of: གཉུག་མའི་རང་བཞིན་
Co-occurs in source triad: ངོ་བོ་; ཐུགས་རྗེ་",U01710 and N-079; separately recorded from the existing rang bzhin gyis proposal. Source-locator IDs: N-T35. Headword rendered from saved EWTS; verify against exact source quotes.,Original pair retained; attached usage proposals unapproved. N-T35; Proposed grammatical use; requires review Working renderings: by intrinsic nature
སེམས་,Ordinary mind,The explicitly verbal and word-explanatory constructions defining ordinary mind.,"Unapproved grammatical proposals, where applicable; see usage records.",The canonical noun sems remains ordinary mind; dran pa remains mindfulness. This is not a global replacement of either term or an approved psychological definition.,"Component of: རླུང་སེམས་
Distinct entry: ཐ་མལ་གྱི་ཤེས་པ་; བློ་; ཡིད་; ཤེས་པ་; རིག་པ་; རྣམ་ཤེས་",The four verbal sems constructions and preceding etymological clause; N-148; active noun entries checked. Source-locator IDs: N-T83. Headword rendered from saved EWTS; verify against exact source quotes.,Original pair retained; attached usage proposals unapproved. N-T83; Proposed grammatical use; requires review Working renderings: think; what is recalled
སྒྲ་,Word,"Acoustic, elemental, animal, or phonetic manifestation, where the passage concerns hearing or sound rather than a lexical word. Preserve word in the title and linguistic word-and-meaning constructions.","Unapproved grammatical proposals, where applicable; see usage records.","The canonical standalone entry remains Word. This is an explicitly provisional contextual use, not a glossary replacement; all source-linked occurrences must be logged.",Component of: སྒྲ་དོན་; སྒྲ་དོན་འདྲེས་རུང་,The text contrasts names/phrases with elemental sounds and the kalaviṅka's voice. Source-locator IDs: N-T03. Headword rendered from saved EWTS; verify against exact source quotes.,Original pair retained; attached usage proposals unapproved. N-T03; Proposed contextual use; requires review Working renderings: sound
