pdf_page,bdrc_image_number,image_filename_in_archive,source_canvas,source_image_url,sha256
1,3,0003.png,https://iiifpres.bdrc.io/v:bdr:I1KG11710/canvas/I1KG117100003.tif,https://iiif.bdrc.io/bdr:I1KG11710::I1KG117100003.tif/full/max/0/default.png,9d32989f3656edddb49019afa99ec6122ed3aa7abb7292883f583bc1ccc730d0
2,4,0004.png,https://iiifpres.bdrc.io/v:bdr:I1KG11710/canvas/I1KG117100004.tif,https://iiif.bdrc.io/bdr:I1KG11710::I1KG117100004.tif/full/max/0/default.png,28a7db3f3f430af83ac64da99bd9654266d7bef1e24f9395b839320ad0cf56e6
3,5,0005.png,https://iiifpres.bdrc.io/v:bdr:I1KG11710/canvas/I1KG117100005.tif,https://iiif.bdrc.io/bdr:I1KG11710::I1KG117100005.tif/full/max/0/default.png,7443efc091b289c3a6a3bae7c01715cbbc29a7fd6ff9958f13af4a714cfbfc79
4,6,0006.png,https://iiifpres.bdrc.io/v:bdr:I1KG11710/canvas/I1KG117100006.tif,https://iiif.bdrc.io/bdr:I1KG11710::I1KG117100006.tif/full/max/0/default.png,3b65e7a753563979f57aa2d9294d251fc07f36bb57cef96634cb4b62f6b899cd
5,7,0007.png,https://iiifpres.bdrc.io/v:bdr:I1KG11710/canvas/I1KG117100007.tif,https://iiif.bdrc.io/bdr:I1KG11710::I1KG117100007.tif/full/max/0/default.png,0815ba89b9297eb0f8784cb320fe1fdc79710585f8ed28b2be637830c832dd10
6,8,0008.png,https://iiifpres.bdrc.io/v:bdr:I1KG11710/canvas/I1KG117100008.tif,https://iiif.bdrc.io/bdr:I1KG11710::I1KG117100008.tif/full/max/0/default.png,f84c78885d7d539eb23613c7b84bffb66f86d8b20eb052354275ced6b117cccb
7,9,0009.png,https://iiifpres.bdrc.io/v:bdr:I1KG11710/canvas/I1KG117100009.tif,https://iiif.bdrc.io/bdr:I1KG11710::I1KG117100009.tif/full/max/0/default.png,e8ff34017e051bd3ed2289bcd3f5a31287ce8fbc7e63fc7f4c9f399d7cb2dde8
8,10,0010.png,https://iiifpres.bdrc.io/v:bdr:I1KG11710/canvas/I1KG117100010.tif,https://iiif.bdrc.io/bdr:I1KG11710::I1KG117100010.tif/full/max/0/default.png,7fbc8d02e7ec8b7b04dae6e46def79595c39d7fd576821b03b3983f0c2aff8c4
9,11,0011.png,https://iiifpres.bdrc.io/v:bdr:I1KG11710/canvas/I1KG117100011.tif,https://iiif.bdrc.io/bdr:I1KG11710::I1KG117100011.tif/full/max/0/default.png,f702cc92ecfb0724cee6a3fd1687a9988c065e3041f536e113d776f1b9fd6115
10,12,0012.png,https://iiifpres.bdrc.io/v:bdr:I1KG11710/canvas/I1KG117100012.tif,https://iiif.bdrc.io/bdr:I1KG11710::I1KG117100012.tif/full/max/0/default.png,26c0fda84ae95245a625c29598e8dca97c9ceeb7910e6808562ac5fdf7b4cf7e
11,13,0013.png,https://iiifpres.bdrc.io/v:bdr:I1KG11710/canvas/I1KG117100013.tif,https://iiif.bdrc.io/bdr:I1KG11710::I1KG117100013.tif/full/max/0/default.png,ed0fc1f9b0c2ef91a2cdd9a7c9b4faee2c25ffc08964811eef241d67ee9a0e69
12,14,0014.png,https://iiifpres.bdrc.io/v:bdr:I1KG11710/canvas/I1KG117100014.tif,https://iiif.bdrc.io/bdr:I1KG11710::I1KG117100014.tif/full/max/0/default.png,7eacb20216ec058df00bd9517e74e72f7ac81a3514b1d060c66bd9bad8342ef6
13,15,0015.png,https://iiifpres.bdrc.io/v:bdr:I1KG11710/canvas/I1KG117100015.tif,https://iiif.bdrc.io/bdr:I1KG11710::I1KG117100015.tif/full/max/0/default.png,177476a5c978024dcc5fffbe24eec717207a42e24beaa388bca91a97b9d752f1
14,16,0016.png,https://iiifpres.bdrc.io/v:bdr:I1KG11710/canvas/I1KG117100016.tif,https://iiif.bdrc.io/bdr:I1KG11710::I1KG117100016.tif/full/max/0/default.png,a6c86599d19215b84e84c9467af23d6dde61a153296ebe399edf0dfca4e50b6a
15,17,0017.png,https://iiifpres.bdrc.io/v:bdr:I1KG11710/canvas/I1KG117100017.tif,https://iiif.bdrc.io/bdr:I1KG11710::I1KG117100017.tif/full/max/0/default.png,db2b3b9200f4828e3b0f84e8588b56af425e042b96db86e4e4fdcc3f9d853977
16,18,0018.png,https://iiifpres.bdrc.io/v:bdr:I1KG11710/canvas/I1KG117100018.tif,https://iiif.bdrc.io/bdr:I1KG11710::I1KG117100018.tif/full/max/0/default.png,97396469e2c50f7aa45993d831a485817706e11944642186acf0897c185b7e2d
17,19,0019.png,https://iiifpres.bdrc.io/v:bdr:I1KG11710/canvas/I1KG117100019.tif,https://iiif.bdrc.io/bdr:I1KG11710::I1KG117100019.tif/full/max/0/default.png,824f1792676658aa258f3f1efe0a321e5c7ddc7cb8e0df77d8666cad1d3076ba
18,20,0020.png,https://iiifpres.bdrc.io/v:bdr:I1KG11710/canvas/I1KG117100020.tif,https://iiif.bdrc.io/bdr:I1KG11710::I1KG117100020.tif/full/max/0/default.png,1bddb08f91dddeb859a254372ac8c5c46e10feb11887b5401f46ff7c4ab2758e
19,21,0021.png,https://iiifpres.bdrc.io/v:bdr:I1KG11710/canvas/I1KG117100021.tif,https://iiif.bdrc.io/bdr:I1KG11710::I1KG117100021.tif/full/max/0/default.png,a4bbd4531eff9782a19678a6826b5d6d189ba9537c687959f770f10fe9ea1474
20,22,0022.png,https://iiifpres.bdrc.io/v:bdr:I1KG11710/canvas/I1KG117100022.tif,https://iiif.bdrc.io/bdr:I1KG11710::I1KG117100022.tif/full/max/0/default.png,9f17dcc663c635f8b4257a7f079323b821fb32b9f48b3bae8e331ec45601025a
21,23,0023.png,https://iiifpres.bdrc.io/v:bdr:I1KG11710/canvas/I1KG117100023.tif,https://iiif.bdrc.io/bdr:I1KG11710::I1KG117100023.tif/full/max/0/default.png,46a64594f32095d4af99df09e9b29b75363c81bd0db978089aabaea27eedd214
22,24,0024.png,https://iiifpres.bdrc.io/v:bdr:I1KG11710/canvas/I1KG117100024.tif,https://iiif.bdrc.io/bdr:I1KG11710::I1KG117100024.tif/full/max/0/default.png,46c48acd33f447e98b7a8d06c61ac18648d9d26cada00325b05d7ed9574cdcdb
23,25,0025.png,https://iiifpres.bdrc.io/v:bdr:I1KG11710/canvas/I1KG117100025.tif,https://iiif.bdrc.io/bdr:I1KG11710::I1KG117100025.tif/full/max/0/default.png,cded56b64fb63fa850a1b291d195f88c05e5026c7e5edc14a93daf8daf754449
24,26,0026.png,https://iiifpres.bdrc.io/v:bdr:I1KG11710/canvas/I1KG117100026.tif,https://iiif.bdrc.io/bdr:I1KG11710::I1KG117100026.tif/full/max/0/default.png,0d5a1ebf49d8d117e2f94a2b94f38b61318a67ce0332d186740a5a7e7519c0b0
25,27,0027.png,https://iiifpres.bdrc.io/v:bdr:I1KG11710/canvas/I1KG117100027.tif,https://iiif.bdrc.io/bdr:I1KG11710::I1KG117100027.tif/full/max/0/default.png,b379b48065135a38ec36c506e9573bb8b6a5e8e46e3b6333405d2df454d0a8e8
26,28,0028.png,https://iiifpres.bdrc.io/v:bdr:I1KG11710/canvas/I1KG117100028.tif,https://iiif.bdrc.io/bdr:I1KG11710::I1KG117100028.tif/full/max/0/default.png,7fa6751c124f71d92318fe2932c7178487f095f752401862ea473ec2e095bf2d
27,29,0029.png,https://iiifpres.bdrc.io/v:bdr:I1KG11710/canvas/I1KG117100029.tif,https://iiif.bdrc.io/bdr:I1KG11710::I1KG117100029.tif/full/max/0/default.png,fe5dc4c2f1ceb21a643a42698f2e78fbef294eb6d203cd492c1502536e8ce633
28,30,0030.png,https://iiifpres.bdrc.io/v:bdr:I1KG11710/canvas/I1KG117100030.tif,https://iiif.bdrc.io/bdr:I1KG11710::I1KG117100030.tif/full/max/0/default.png,e7451c03757f2bf42caea23eeeaa9af129801e2892a3e3557ac3b6f8e202151e
29,31,0031.png,https://iiifpres.bdrc.io/v:bdr:I1KG11710/canvas/I1KG117100031.tif,https://iiif.bdrc.io/bdr:I1KG11710::I1KG117100031.tif/full/max/0/default.png,f97e86ce3d55628070516d42ac9edccc83c3b62c1d6f9a3dabefea81d48d799f
30,32,0032.png,https://iiifpres.bdrc.io/v:bdr:I1KG11710/canvas/I1KG117100032.tif,https://iiif.bdrc.io/bdr:I1KG11710::I1KG117100032.tif/full/max/0/default.png,115325374d9f4eb4373594cb903e658b5e02863ce05bb7c9436b86369eebaa3a
31,33,0033.png,https://iiifpres.bdrc.io/v:bdr:I1KG11710/canvas/I1KG117100033.tif,https://iiif.bdrc.io/bdr:I1KG11710::I1KG117100033.tif/full/max/0/default.png,eb8f9b9fc4557ac106e46db44f3705f4dd72ecfbe7226cd570099a22a210adac
32,34,0034.png,https://iiifpres.bdrc.io/v:bdr:I1KG11710/canvas/I1KG117100034.tif,https://iiif.bdrc.io/bdr:I1KG11710::I1KG117100034.tif/full/max/0/default.png,c896fc594c237804f0beb60cba6c68b889d622fcc095cdcdcbd03a9be2340f07
33,35,0035.png,https://iiifpres.bdrc.io/v:bdr:I1KG11710/canvas/I1KG117100035.tif,https://iiif.bdrc.io/bdr:I1KG11710::I1KG117100035.tif/full/max/0/default.png,779e0ab6c85a17f3ddd6994201f859bdcf3dc18c1b544083659e9736d8051fb2
34,36,0036.png,https://iiifpres.bdrc.io/v:bdr:I1KG11710/canvas/I1KG117100036.tif,https://iiif.bdrc.io/bdr:I1KG11710::I1KG117100036.tif/full/max/0/default.png,5fcc7129138be1bd99fb0653781807e48a19084d7d83032dce23caf5cf972414
35,37,0037.png,https://iiifpres.bdrc.io/v:bdr:I1KG11710/canvas/I1KG117100037.tif,https://iiif.bdrc.io/bdr:I1KG11710::I1KG117100037.tif/full/max/0/default.png,f9706ee13dd074c64a3d84a9d4b144438c8e3f6141a68793fc2dcf8197b7eb87
36,38,0038.png,https://iiifpres.bdrc.io/v:bdr:I1KG11710/canvas/I1KG117100038.tif,https://iiif.bdrc.io/bdr:I1KG11710::I1KG117100038.tif/full/max/0/default.png,33fe11ff01bb65118c5b4e83fc03a81319a3dffa9c2ef21a2be7644c4321b8cc
37,39,0039.png,https://iiifpres.bdrc.io/v:bdr:I1KG11710/canvas/I1KG117100039.tif,https://iiif.bdrc.io/bdr:I1KG11710::I1KG117100039.tif/full/max/0/default.png,35e0f0491d2f2301d7d70c33143ef7476d247e0ba033ee8de3f17245cee6db60
38,40,0040.png,https://iiifpres.bdrc.io/v:bdr:I1KG11710/canvas/I1KG117100040.tif,https://iiif.bdrc.io/bdr:I1KG11710::I1KG117100040.tif/full/max/0/default.png,dc2bb05cf7457ffb60313389b653f49d0af3b5060ae0e5559b1a1c15cedab332
39,41,0041.png,https://iiifpres.bdrc.io/v:bdr:I1KG11710/canvas/I1KG117100041.tif,https://iiif.bdrc.io/bdr:I1KG11710::I1KG117100041.tif/full/max/0/default.png,d71f2583227431e62bdafd2dabe211fd9b38ec08682bb451a1d362aea3fb4abd
40,42,0042.png,https://iiifpres.bdrc.io/v:bdr:I1KG11710/canvas/I1KG117100042.tif,https://iiif.bdrc.io/bdr:I1KG11710::I1KG117100042.tif/full/max/0/default.png,f0a89327bcf49d11b5bc21129b2ce3f71d6a2f9f8f43b0135d8b2b50290fac6a
41,43,0043.png,https://iiifpres.bdrc.io/v:bdr:I1KG11710/canvas/I1KG117100043.tif,https://iiif.bdrc.io/bdr:I1KG11710::I1KG117100043.tif/full/max/0/default.png,0018c6201fb7b99cbc88d23b990563d7f876880e49e8f8a9cc0d3a14a888cdef
42,44,0044.png,https://iiifpres.bdrc.io/v:bdr:I1KG11710/canvas/I1KG117100044.tif,https://iiif.bdrc.io/bdr:I1KG11710::I1KG117100044.tif/full/max/0/default.png,f9afc99bd885916841c5c233b702a0f33b9eff15c78218910530e4008586ab9b
43,45,0045.png,https://iiifpres.bdrc.io/v:bdr:I1KG11710/canvas/I1KG117100045.tif,https://iiif.bdrc.io/bdr:I1KG11710::I1KG117100045.tif/full/max/0/default.png,1ca2565f22d5be5bf152c6ed934cf0f3b32973938b9fff6d1a10d6f6c11ca021
44,46,0046.png,https://iiifpres.bdrc.io/v:bdr:I1KG11710/canvas/I1KG117100046.tif,https://iiif.bdrc.io/bdr:I1KG11710::I1KG117100046.tif/full/max/0/default.png,eb473f51e6f7f537fc672d362d766a88331b5bcb17ef959523f869568bb4c8f3
45,47,0047.png,https://iiifpres.bdrc.io/v:bdr:I1KG11710/canvas/I1KG117100047.tif,https://iiif.bdrc.io/bdr:I1KG11710::I1KG117100047.tif/full/max/0/default.png,5374c4fe169a97513966c743f623185c5745dc3d7cef52ff54afff33abb85bfb
46,48,0048.png,https://iiifpres.bdrc.io/v:bdr:I1KG11710/canvas/I1KG117100048.tif,https://iiif.bdrc.io/bdr:I1KG11710::I1KG117100048.tif/full/max/0/default.png,22775def91a142c9c963d6ddfd72bce25048625ebafc5cc0753460b781a62073
47,49,0049.png,https://iiifpres.bdrc.io/v:bdr:I1KG11710/canvas/I1KG117100049.tif,https://iiif.bdrc.io/bdr:I1KG11710::I1KG117100049.tif/full/max/0/default.png,531f7f036762fef068b3e2708b5240b27851bf7e0a8810e16bc115ff30a045b0
48,50,0050.png,https://iiifpres.bdrc.io/v:bdr:I1KG11710/canvas/I1KG117100050.tif,https://iiif.bdrc.io/bdr:I1KG11710::I1KG117100050.tif/full/max/0/default.png,0af176dccf961c37e03ac5e0dd599801ad8510cdee688318e5457d76eea9ee80
49,51,0051.png,https://iiifpres.bdrc.io/v:bdr:I1KG11710/canvas/I1KG117100051.tif,https://iiif.bdrc.io/bdr:I1KG11710::I1KG117100051.tif/full/max/0/default.png,a001ea07131821122d16c82d0155b8d52587e58614b1c99a34befcac9736573d
50,52,0052.png,https://iiifpres.bdrc.io/v:bdr:I1KG11710/canvas/I1KG117100052.tif,https://iiif.bdrc.io/bdr:I1KG11710::I1KG117100052.tif/full/max/0/default.png,d8b7887a5712b2d501b6c5d3129d1c8ec135e546c902d28782ef8d81be4a488e
51,53,0053.png,https://iiifpres.bdrc.io/v:bdr:I1KG11710/canvas/I1KG117100053.tif,https://iiif.bdrc.io/bdr:I1KG11710::I1KG117100053.tif/full/max/0/default.png,f2ff0100922a5bc5420adbcb82a14d267df3d0dda113543d9abbff002ce5f6a2
52,54,0054.png,https://iiifpres.bdrc.io/v:bdr:I1KG11710/canvas/I1KG117100054.tif,https://iiif.bdrc.io/bdr:I1KG11710::I1KG117100054.tif/full/max/0/default.png,0dff9a93c7b3c7690c68ab861de2168907394cc9efc65a50041696bd8cc1b01c
53,55,0055.png,https://iiifpres.bdrc.io/v:bdr:I1KG11710/canvas/I1KG117100055.tif,https://iiif.bdrc.io/bdr:I1KG11710::I1KG117100055.tif/full/max/0/default.png,a8de6ecb7cd5967e57388f0c7ee841c1eec4d42876ed7bfbcc2c5d66e26eae22
54,56,0056.png,https://iiifpres.bdrc.io/v:bdr:I1KG11710/canvas/I1KG117100056.tif,https://iiif.bdrc.io/bdr:I1KG11710::I1KG117100056.tif/full/max/0/default.png,8c9faa1dd4ea91fb6af6adddee3056f6a124cb3cad51a2899d0f9b432d351ddf
55,57,0057.png,https://iiifpres.bdrc.io/v:bdr:I1KG11710/canvas/I1KG117100057.tif,https://iiif.bdrc.io/bdr:I1KG11710::I1KG117100057.tif/full/max/0/default.png,4a9a7237b584459af6d67ad6c7e9a96aead3fcc5537cda36d2a7db1c79702951
56,58,0058.png,https://iiifpres.bdrc.io/v:bdr:I1KG11710/canvas/I1KG117100058.tif,https://iiif.bdrc.io/bdr:I1KG11710::I1KG117100058.tif/full/max/0/default.png,ba67cf19a8a54d50ffcd0d68d690bb68d8eaa594331110d78b41cb85b1713494
57,59,0059.png,https://iiifpres.bdrc.io/v:bdr:I1KG11710/canvas/I1KG117100059.tif,https://iiif.bdrc.io/bdr:I1KG11710::I1KG117100059.tif/full/max/0/default.png,88fd4ed7d020e36a46076161589a32d3486357f1e455f63c230ec96f43d8cd2a
58,60,0060.png,https://iiifpres.bdrc.io/v:bdr:I1KG11710/canvas/I1KG117100060.tif,https://iiif.bdrc.io/bdr:I1KG11710::I1KG117100060.tif/full/max/0/default.png,c02462977151ece0572081403c99558584f663b6751e35990c74b75ca402f7b5
59,61,0061.png,https://iiifpres.bdrc.io/v:bdr:I1KG11710/canvas/I1KG117100061.tif,https://iiif.bdrc.io/bdr:I1KG11710::I1KG117100061.tif/full/max/0/default.png,5b63c8f3fa1ba987ba76b97dba5f5dba0526d0bac092ac8bff883c12316575de
60,62,0062.png,https://iiifpres.bdrc.io/v:bdr:I1KG11710/canvas/I1KG117100062.tif,https://iiif.bdrc.io/bdr:I1KG11710::I1KG117100062.tif/full/max/0/default.png,bd87c558ba18eb6a7870be037a9ba76bf84043777f75e8c74ecefbe821c7b763
61,63,0063.png,https://iiifpres.bdrc.io/v:bdr:I1KG11710/canvas/I1KG117100063.tif,https://iiif.bdrc.io/bdr:I1KG11710::I1KG117100063.tif/full/max/0/default.png,1f190b4cdce61b6787c65c6d80a6743f73fe61aeebf2e16335cdd49102643203
62,64,0064.png,https://iiifpres.bdrc.io/v:bdr:I1KG11710/canvas/I1KG117100064.tif,https://iiif.bdrc.io/bdr:I1KG11710::I1KG117100064.tif/full/max/0/default.png,522318832597d31a41761f332e9d7c55f3b296205c93e300d1bcd337f771e4ee
63,65,0065.png,https://iiifpres.bdrc.io/v:bdr:I1KG11710/canvas/I1KG117100065.tif,https://iiif.bdrc.io/bdr:I1KG11710::I1KG117100065.tif/full/max/0/default.png,5a450ada9547976f6221aabe1113c32e499040daa1b1e623592e8edf676ac941
64,66,0066.png,https://iiifpres.bdrc.io/v:bdr:I1KG11710/canvas/I1KG117100066.tif,https://iiif.bdrc.io/bdr:I1KG11710::I1KG117100066.tif/full/max/0/default.png,153fc43f4ff965be75c9fc4f2d5ec339a00d7d98c414deef93952020f89d3759
65,67,0067.png,https://iiifpres.bdrc.io/v:bdr:I1KG11710/canvas/I1KG117100067.tif,https://iiif.bdrc.io/bdr:I1KG11710::I1KG117100067.tif/full/max/0/default.png,260f2d8cc7cc9aff0f53dcf863beecbf6154c471a9d429e9ac126d11252b7b23
66,68,0068.png,https://iiifpres.bdrc.io/v:bdr:I1KG11710/canvas/I1KG117100068.tif,https://iiif.bdrc.io/bdr:I1KG11710::I1KG117100068.tif/full/max/0/default.png,2460398f2c63b170388429269870bc369ccaefccc25619fd1858dc5325098ad1
67,69,0069.png,https://iiifpres.bdrc.io/v:bdr:I1KG11710/canvas/I1KG117100069.tif,https://iiif.bdrc.io/bdr:I1KG11710::I1KG117100069.tif/full/max/0/default.png,f8b4fd6faed93eb6274e1f34c50420d6e8e1d449d2c897c76b975aee112d7baf
68,70,0070.png,https://iiifpres.bdrc.io/v:bdr:I1KG11710/canvas/I1KG117100070.tif,https://iiif.bdrc.io/bdr:I1KG11710::I1KG117100070.tif/full/max/0/default.png,e0ca69659488cb14f79d58704e226c244e242ac61e3958097920f07f8f899a22
69,71,0071.png,https://iiifpres.bdrc.io/v:bdr:I1KG11710/canvas/I1KG117100071.tif,https://iiif.bdrc.io/bdr:I1KG11710::I1KG117100071.tif/full/max/0/default.png,765693baed3d79028b774caa02de9714ee1c49aa2777879e457adc0f1ecfb1b0
70,72,0072.png,https://iiifpres.bdrc.io/v:bdr:I1KG11710/canvas/I1KG117100072.tif,https://iiif.bdrc.io/bdr:I1KG11710::I1KG117100072.tif/full/max/0/default.png,6af86d7d5950a0ca59f7f97cd2a04f16d44788fad2719b8ac79281d5acd9c8f9
71,73,0073.png,https://iiifpres.bdrc.io/v:bdr:I1KG11710/canvas/I1KG117100073.tif,https://iiif.bdrc.io/bdr:I1KG11710::I1KG117100073.tif/full/max/0/default.png,397d8af8e5c0b573dec9fc5c59ad2f9f9349f6a1bab76349f1c36ac860a10cad
72,74,0074.png,https://iiifpres.bdrc.io/v:bdr:I1KG11710/canvas/I1KG117100074.tif,https://iiif.bdrc.io/bdr:I1KG11710::I1KG117100074.tif/full/max/0/default.png,42a5efecf93d9bebc419a001aa2ee36acaa633127bba9d02759da48d0594fa70
73,75,0075.png,https://iiifpres.bdrc.io/v:bdr:I1KG11710/canvas/I1KG117100075.tif,https://iiif.bdrc.io/bdr:I1KG11710::I1KG117100075.tif/full/max/0/default.png,09654ba9fb4e3fae1abc60b8f3c9c1cde25e9419ec258069d32fec491e4754ec
74,76,0076.png,https://iiifpres.bdrc.io/v:bdr:I1KG11710/canvas/I1KG117100076.tif,https://iiif.bdrc.io/bdr:I1KG11710::I1KG117100076.tif/full/max/0/default.png,7fd84380e02c0b8c140fa3537b968fc5e36f49d96a37be4060d2ad210d5f57fd
75,77,0077.png,https://iiifpres.bdrc.io/v:bdr:I1KG11710/canvas/I1KG117100077.tif,https://iiif.bdrc.io/bdr:I1KG11710::I1KG117100077.tif/full/max/0/default.png,73bea6c2783e7d6c47c0b23263621706954e6db6f64ab3489854586a5795dee9
76,78,0078.png,https://iiifpres.bdrc.io/v:bdr:I1KG11710/canvas/I1KG117100078.tif,https://iiif.bdrc.io/bdr:I1KG11710::I1KG117100078.tif/full/max/0/default.png,8edf94ac7b90ebb53e5f2b4e5406cb23b43ea3d03242959a6ab65740232498df
77,79,0079.png,https://iiifpres.bdrc.io/v:bdr:I1KG11710/canvas/I1KG117100079.tif,https://iiif.bdrc.io/bdr:I1KG11710::I1KG117100079.tif/full/max/0/default.png,f92ae11868f2050d4118be3860e09e643c86f62045e0cbd15446083e48ad0339
78,80,0080.png,https://iiifpres.bdrc.io/v:bdr:I1KG11710/canvas/I1KG117100080.tif,https://iiif.bdrc.io/bdr:I1KG11710::I1KG117100080.tif/full/max/0/default.png,1dc6b068f740945cc47af3639bb86c987c66b68b61c83b194eedf6ea32d38752
79,81,0081.png,https://iiifpres.bdrc.io/v:bdr:I1KG11710/canvas/I1KG117100081.tif,https://iiif.bdrc.io/bdr:I1KG11710::I1KG117100081.tif/full/max/0/default.png,9040024a24ad9523ae6a932f180c478542a54da3efcb9bec5594803aeaccbc04
80,82,0082.png,https://iiifpres.bdrc.io/v:bdr:I1KG11710/canvas/I1KG117100082.tif,https://iiif.bdrc.io/bdr:I1KG11710::I1KG117100082.tif/full/max/0/default.png,1a03b18eba89cfe7ed36a0cfc9a52e0336774f20ec1b21938b2a36197056a91c
81,83,0083.png,https://iiifpres.bdrc.io/v:bdr:I1KG11710/canvas/I1KG117100083.tif,https://iiif.bdrc.io/bdr:I1KG11710::I1KG117100083.tif/full/max/0/default.png,bc6cef50f76c7152083dccda4ef3176c4b578d5f75ec1023a9099f6523eab01d
82,84,0084.png,https://iiifpres.bdrc.io/v:bdr:I1KG11710/canvas/I1KG117100084.tif,https://iiif.bdrc.io/bdr:I1KG11710::I1KG117100084.tif/full/max/0/default.png,f35351ea5b0b4e6e1f14ed6aa71e8a9969c6e8a2386bed45d16050e209addd91
83,85,0085.png,https://iiifpres.bdrc.io/v:bdr:I1KG11710/canvas/I1KG117100085.tif,https://iiif.bdrc.io/bdr:I1KG11710::I1KG117100085.tif/full/max/0/default.png,dc03431c6ae696e853d7b82449e0e8630d6e26d7085b89aeb58d7039b838cc97
84,86,0086.png,https://iiifpres.bdrc.io/v:bdr:I1KG11710/canvas/I1KG117100086.tif,https://iiif.bdrc.io/bdr:I1KG11710::I1KG117100086.tif/full/max/0/default.png,1ba467147600a74b186cf275384b5e152b7f83d4661e55641614826886030559
85,87,0087.png,https://iiifpres.bdrc.io/v:bdr:I1KG11710/canvas/I1KG117100087.tif,https://iiif.bdrc.io/bdr:I1KG11710::I1KG117100087.tif/full/max/0/default.png,556b67acc769b5dcba4b60ee42a3be1b7c1201eac8d5ff9ac5d94c4727e125f7
86,88,0088.png,https://iiifpres.bdrc.io/v:bdr:I1KG11710/canvas/I1KG117100088.tif,https://iiif.bdrc.io/bdr:I1KG11710::I1KG117100088.tif/full/max/0/default.png,ff2efa8d4d02d86d2a4a1aa5c224c567a573faadefe814ddc305e82d69d59ed8
87,89,0089.png,https://iiifpres.bdrc.io/v:bdr:I1KG11710/canvas/I1KG117100089.tif,https://iiif.bdrc.io/bdr:I1KG11710::I1KG117100089.tif/full/max/0/default.png,7271b4bb3c471c6ad1759d8fb296893dcaac332bc1a4fa7ceeb9cd7d9bf63c58
88,90,0090.png,https://iiifpres.bdrc.io/v:bdr:I1KG11710/canvas/I1KG117100090.tif,https://iiif.bdrc.io/bdr:I1KG11710::I1KG117100090.tif/full/max/0/default.png,4df3fe6d57787e09c1e49dfb22c5f88075f94570bb693ab4102ed7cb646d57d9
89,91,0091.png,https://iiifpres.bdrc.io/v:bdr:I1KG11710/canvas/I1KG117100091.tif,https://iiif.bdrc.io/bdr:I1KG11710::I1KG117100091.tif/full/max/0/default.png,eab6891193d0fe2477f658fc4ac50dbf8fcaf5537e144fa364264d1113902f67
90,92,0092.png,https://iiifpres.bdrc.io/v:bdr:I1KG11710/canvas/I1KG117100092.tif,https://iiif.bdrc.io/bdr:I1KG11710::I1KG117100092.tif/full/max/0/default.png,d9179f0033fa50262f8386eb9a267a212230449d8d66455d72bf317bc8283525
91,93,0093.png,https://iiifpres.bdrc.io/v:bdr:I1KG11710/canvas/I1KG117100093.tif,https://iiif.bdrc.io/bdr:I1KG11710::I1KG117100093.tif/full/max/0/default.png,44392b82e10a6f4a9fdfd2e786ffda876ef67df158026636d31d57ceba9064e7
92,94,0094.png,https://iiifpres.bdrc.io/v:bdr:I1KG11710/canvas/I1KG117100094.tif,https://iiif.bdrc.io/bdr:I1KG11710::I1KG117100094.tif/full/max/0/default.png,35f1ddc143d82dfa5d053ad90ecea66299af30dd7b5213db5f98615255095e4b
93,95,0095.png,https://iiifpres.bdrc.io/v:bdr:I1KG11710/canvas/I1KG117100095.tif,https://iiif.bdrc.io/bdr:I1KG11710::I1KG117100095.tif/full/max/0/default.png,680ac39f53c43529053e5c722fd76307668ac52ff39db7adedd0c2e0ee12aee1
94,96,0096.png,https://iiifpres.bdrc.io/v:bdr:I1KG11710/canvas/I1KG117100096.tif,https://iiif.bdrc.io/bdr:I1KG11710::I1KG117100096.tif/full/max/0/default.png,3ba2ffcf12be6af51b322d95d11c07d0e9044a741aa57b212510392100dfec2e
95,97,0097.png,https://iiifpres.bdrc.io/v:bdr:I1KG11710/canvas/I1KG117100097.tif,https://iiif.bdrc.io/bdr:I1KG11710::I1KG117100097.tif/full/max/0/default.png,3754db3148cadc6e0cfe0a6689eec6bf799240764958a6cde53bd8eb01e7913a
96,98,0098.png,https://iiifpres.bdrc.io/v:bdr:I1KG11710/canvas/I1KG117100098.tif,https://iiif.bdrc.io/bdr:I1KG11710::I1KG117100098.tif/full/max/0/default.png,11a98728e5974979f0f27349daf143e5ae935e621d50ae2f9491bffbddbb27de
97,99,0099.png,https://iiifpres.bdrc.io/v:bdr:I1KG11710/canvas/I1KG117100099.tif,https://iiif.bdrc.io/bdr:I1KG11710::I1KG117100099.tif/full/max/0/default.png,34c91dd83af8287f7caa6de5b5afb924069578a6f16f8804532f0328a1b9af29
98,100,0100.png,https://iiifpres.bdrc.io/v:bdr:I1KG11710/canvas/I1KG117100100.tif,https://iiif.bdrc.io/bdr:I1KG11710::I1KG117100100.tif/full/max/0/default.png,6f197c8fc51cf4f29a3dd9cc9ef8078fb58364a275639a83391b650dceb9e989
99,101,0101.png,https://iiifpres.bdrc.io/v:bdr:I1KG11710/canvas/I1KG117100101.tif,https://iiif.bdrc.io/bdr:I1KG11710::I1KG117100101.tif/full/max/0/default.png,d88cbd910012cc94c686c979874ee4b3c6be8c7cba60ab41783f5a86856012e4
100,102,0102.png,https://iiifpres.bdrc.io/v:bdr:I1KG11710/canvas/I1KG117100102.tif,https://iiif.bdrc.io/bdr:I1KG11710::I1KG117100102.tif/full/max/0/default.png,91f9a524f8d9b379f93082bbf3e54a20b7ff31d1b27c024543ae25d9dcc55d97
101,103,0103.png,https://iiifpres.bdrc.io/v:bdr:I1KG11710/canvas/I1KG117100103.tif,https://iiif.bdrc.io/bdr:I1KG11710::I1KG117100103.tif/full/max/0/default.png,889567c7817c2ef1163dbbb3329e8ece5a770c8cfd172aa1ca49511dca17fafe
102,104,0104.png,https://iiifpres.bdrc.io/v:bdr:I1KG11710/canvas/I1KG117100104.tif,https://iiif.bdrc.io/bdr:I1KG11710::I1KG117100104.tif/full/max/0/default.png,eb9e2e0e98df65ec94303d7b50e277b422685f940a26ba7ec00dbfade54dce91
103,105,0105.png,https://iiifpres.bdrc.io/v:bdr:I1KG11710/canvas/I1KG117100105.tif,https://iiif.bdrc.io/bdr:I1KG11710::I1KG117100105.tif/full/max/0/default.png,2d5026ebef23594fbd34cf8307dcebda28ead59cb7d895541427c45eb45e9d65
104,106,0106.png,https://iiifpres.bdrc.io/v:bdr:I1KG11710/canvas/I1KG117100106.tif,https://iiif.bdrc.io/bdr:I1KG11710::I1KG117100106.tif/full/max/0/default.png,7e7ecdbb5e6a5ed2ea9016598538ff9a5896a93b80cf90170d2c1cbc4c1210ea
105,107,0107.png,https://iiifpres.bdrc.io/v:bdr:I1KG11710/canvas/I1KG117100107.tif,https://iiif.bdrc.io/bdr:I1KG11710::I1KG117100107.tif/full/max/0/default.png,6c0f208742081564d80d8e1ec91c5afbd4a9ed92aac5a85a9b13d09dd213ed56
106,108,0108.png,https://iiifpres.bdrc.io/v:bdr:I1KG11710/canvas/I1KG117100108.tif,https://iiif.bdrc.io/bdr:I1KG11710::I1KG117100108.tif/full/max/0/default.png,0412079f8252ab0ec48fc1f4e288107cc8f16c27fa0d9e8b0ac0132e97fee27c
107,109,0109.png,https://iiifpres.bdrc.io/v:bdr:I1KG11710/canvas/I1KG117100109.tif,https://iiif.bdrc.io/bdr:I1KG11710::I1KG117100109.tif/full/max/0/default.png,cbeea9119dd95b6128f75076030aa86dd59361dbac8e7ec0582d5c3baadad39f
108,110,0110.png,https://iiifpres.bdrc.io/v:bdr:I1KG11710/canvas/I1KG117100110.tif,https://iiif.bdrc.io/bdr:I1KG11710::I1KG117100110.tif/full/max/0/default.png,041356a934329716e921e397ae601cf642fac6a14d520bb0b75f4e7522c4aa5e
109,111,0111.png,https://iiifpres.bdrc.io/v:bdr:I1KG11710/canvas/I1KG117100111.tif,https://iiif.bdrc.io/bdr:I1KG11710::I1KG117100111.tif/full/max/0/default.png,77ea9e7186fed6c32c1e046abf553092bac95b11d4567588ba26e71280c4b1c2
110,112,0112.png,https://iiifpres.bdrc.io/v:bdr:I1KG11710/canvas/I1KG117100112.tif,https://iiif.bdrc.io/bdr:I1KG11710::I1KG117100112.tif/full/max/0/default.png,20a53231a95a43c7e1c2216fd6469b9ecc81bf464733df82385941c8ea42f237
111,113,0113.png,https://iiifpres.bdrc.io/v:bdr:I1KG11710/canvas/I1KG117100113.tif,https://iiif.bdrc.io/bdr:I1KG11710::I1KG117100113.tif/full/max/0/default.png,971ae4b2e9ccfaf0181003dc691d8045b4a8a8de9072a635bd51c803508136ac
112,114,0114.png,https://iiifpres.bdrc.io/v:bdr:I1KG11710/canvas/I1KG117100114.tif,https://iiif.bdrc.io/bdr:I1KG11710::I1KG117100114.tif/full/max/0/default.png,4930693d95584bd0ea661d93b2980df548f27f46bec9d896f709cd6d99ef6b2a
113,115,0115.png,https://iiifpres.bdrc.io/v:bdr:I1KG11710/canvas/I1KG117100115.tif,https://iiif.bdrc.io/bdr:I1KG11710::I1KG117100115.tif/full/max/0/default.png,38f72b84ccaf2eee65520db074141bffd75b97cf2a36c8ea8af1bbd769a032d2
114,116,0116.png,https://iiifpres.bdrc.io/v:bdr:I1KG11710/canvas/I1KG117100116.tif,https://iiif.bdrc.io/bdr:I1KG11710::I1KG117100116.tif/full/max/0/default.png,74fb95fec433b9694ccb948e7a6ffb28b6da5ca337c7f83d041bea67f945e655
115,117,0117.png,https://iiifpres.bdrc.io/v:bdr:I1KG11710/canvas/I1KG117100117.tif,https://iiif.bdrc.io/bdr:I1KG11710::I1KG117100117.tif/full/max/0/default.png,c702b0b912d4e039d3f3a4884843a910e160996adec85b127552eba877dec4c3
116,118,0118.png,https://iiifpres.bdrc.io/v:bdr:I1KG11710/canvas/I1KG117100118.tif,https://iiif.bdrc.io/bdr:I1KG11710::I1KG117100118.tif/full/max/0/default.png,426a10df6d66acca769d288a7355e86338d96d5104230289603348d7ba922c32
117,119,0119.png,https://iiifpres.bdrc.io/v:bdr:I1KG11710/canvas/I1KG117100119.tif,https://iiif.bdrc.io/bdr:I1KG11710::I1KG117100119.tif/full/max/0/default.png,3b1df1a7b184f093630e967879e6c1ef007e0daa7c84c430e8dcbcdf059135ab
118,120,0120.png,https://iiifpres.bdrc.io/v:bdr:I1KG11710/canvas/I1KG117100120.tif,https://iiif.bdrc.io/bdr:I1KG11710::I1KG117100120.tif/full/max/0/default.png,9a560667f23d993265fbfe853d2e7e985e89236bb9bda5d156f3bd6ed418ef66
119,121,0121.png,https://iiifpres.bdrc.io/v:bdr:I1KG11710/canvas/I1KG117100121.tif,https://iiif.bdrc.io/bdr:I1KG11710::I1KG117100121.tif/full/max/0/default.png,64e2ced0a1d93292096aa828b18cecb2ee1f7f90e486d99df14481f6545e498c
120,122,0122.png,https://iiifpres.bdrc.io/v:bdr:I1KG11710/canvas/I1KG117100122.tif,https://iiif.bdrc.io/bdr:I1KG11710::I1KG117100122.tif/full/max/0/default.png,f4b652ce2175b4cf5720e9952b6e972490cb382e1cba6de4c226a2e5629804c8
121,123,0123.png,https://iiifpres.bdrc.io/v:bdr:I1KG11710/canvas/I1KG117100123.tif,https://iiif.bdrc.io/bdr:I1KG11710::I1KG117100123.tif/full/max/0/default.png,0d5cae538b5ecf0fc159e8194e8629ee2394810f9de3bbcfbd5df4585ebccdc9
122,124,0124.png,https://iiifpres.bdrc.io/v:bdr:I1KG11710/canvas/I1KG117100124.tif,https://iiif.bdrc.io/bdr:I1KG11710::I1KG117100124.tif/full/max/0/default.png,994df87b0ff20cce692fd309b4f590816ddc7dfad76e39d6000aca94d4425db2
123,125,0125.png,https://iiifpres.bdrc.io/v:bdr:I1KG11710/canvas/I1KG117100125.tif,https://iiif.bdrc.io/bdr:I1KG11710::I1KG117100125.tif/full/max/0/default.png,2f2fc1a9a772fc4ddcd8cfdb8b3e17bc217b684442d41473ff4cd5cf9c4f1699
124,126,0126.png,https://iiifpres.bdrc.io/v:bdr:I1KG11710/canvas/I1KG117100126.tif,https://iiif.bdrc.io/bdr:I1KG11710::I1KG117100126.tif/full/max/0/default.png,1bcf58ae5b667b5fc1da0deaf26b93a0d4a91381a3b127ad0300318a07240f0f
125,127,0127.png,https://iiifpres.bdrc.io/v:bdr:I1KG11710/canvas/I1KG117100127.tif,https://iiif.bdrc.io/bdr:I1KG11710::I1KG117100127.tif/full/max/0/default.png,26f09532b565a542797af602265b980883997eae9f90fbc6b59fb81b91d21b74
126,128,0128.png,https://iiifpres.bdrc.io/v:bdr:I1KG11710/canvas/I1KG117100128.tif,https://iiif.bdrc.io/bdr:I1KG11710::I1KG117100128.tif/full/max/0/default.png,d30c520d9a01e3380a536064e7c1d7dcf912755e696fb0037c3f937c580c5368
127,129,0129.png,https://iiifpres.bdrc.io/v:bdr:I1KG11710/canvas/I1KG117100129.tif,https://iiif.bdrc.io/bdr:I1KG11710::I1KG117100129.tif/full/max/0/default.png,fbcfb703308a970ecee8374478c022431b5019e4ebf9f63d32ed1a352f568610
128,130,0130.png,https://iiifpres.bdrc.io/v:bdr:I1KG11710/canvas/I1KG117100130.tif,https://iiif.bdrc.io/bdr:I1KG11710::I1KG117100130.tif/full/max/0/default.png,903481600f09c8437404ce7b1f282c1519b0085b1795c239ab9ed6135c015b77
129,131,0131.png,https://iiifpres.bdrc.io/v:bdr:I1KG11710/canvas/I1KG117100131.tif,https://iiif.bdrc.io/bdr:I1KG11710::I1KG117100131.tif/full/max/0/default.png,c4a7a3c7b3d0df07ea63e3756895bf0d243484411d82e2dc56266fdebe12a121
130,132,0132.png,https://iiifpres.bdrc.io/v:bdr:I1KG11710/canvas/I1KG117100132.tif,https://iiif.bdrc.io/bdr:I1KG11710::I1KG117100132.tif/full/max/0/default.png,24bee0ef8faa97db19084de42e10f4797234411b68da317fe05236f44c40a36a
131,133,0133.png,https://iiifpres.bdrc.io/v:bdr:I1KG11710/canvas/I1KG117100133.tif,https://iiif.bdrc.io/bdr:I1KG11710::I1KG117100133.tif/full/max/0/default.png,ffb021ab6121139acc3fc401084780d813a51749993d8ac2af3727d6ff9fa34b
132,134,0134.png,https://iiifpres.bdrc.io/v:bdr:I1KG11710/canvas/I1KG117100134.tif,https://iiif.bdrc.io/bdr:I1KG11710::I1KG117100134.tif/full/max/0/default.png,ddc0fec4abda7d1d3634815407be0908c4ed7931924c45dbd8db6e0298bf3d4a
133,135,0135.png,https://iiifpres.bdrc.io/v:bdr:I1KG11710/canvas/I1KG117100135.tif,https://iiif.bdrc.io/bdr:I1KG11710::I1KG117100135.tif/full/max/0/default.png,acd10f2f4ed30311abd622d7f82503ac205816918157ec439b730a7383ec9f32
134,136,0136.png,https://iiifpres.bdrc.io/v:bdr:I1KG11710/canvas/I1KG117100136.tif,https://iiif.bdrc.io/bdr:I1KG11710::I1KG117100136.tif/full/max/0/default.png,1fba421085422f039e1fa3642f182b0f06a496b2ac473a8a27cedb27552ebed4
135,137,0137.png,https://iiifpres.bdrc.io/v:bdr:I1KG11710/canvas/I1KG117100137.tif,https://iiif.bdrc.io/bdr:I1KG11710::I1KG117100137.tif/full/max/0/default.png,6c1b0db980578fcf744003bf06872139fe681cc857d9be1cdc398971c6f4ac4f
136,138,0138.png,https://iiifpres.bdrc.io/v:bdr:I1KG11710/canvas/I1KG117100138.tif,https://iiif.bdrc.io/bdr:I1KG11710::I1KG117100138.tif/full/max/0/default.png,be1b281d82fda11ca7a90ebc7870c0a798519d112299f610e78383fbc81499e4
137,139,0139.png,https://iiifpres.bdrc.io/v:bdr:I1KG11710/canvas/I1KG117100139.tif,https://iiif.bdrc.io/bdr:I1KG11710::I1KG117100139.tif/full/max/0/default.png,19b772d1b04894641082a9e481ad9ddd6fb285d3934c9c2c45afa1008681b83e
138,140,0140.png,https://iiifpres.bdrc.io/v:bdr:I1KG11710/canvas/I1KG117100140.tif,https://iiif.bdrc.io/bdr:I1KG11710::I1KG117100140.tif/full/max/0/default.png,51d8fd8b50aee405a6aaf79367358ead91fdc3d923315438a19b84887ed49347
139,141,0141.png,https://iiifpres.bdrc.io/v:bdr:I1KG11710/canvas/I1KG117100141.tif,https://iiif.bdrc.io/bdr:I1KG11710::I1KG117100141.tif/full/max/0/default.png,281c19d2c38148f5acea14faa06207be087779bbf51ff9cf8a2a2bf1865c6530
140,142,0142.png,https://iiifpres.bdrc.io/v:bdr:I1KG11710/canvas/I1KG117100142.tif,https://iiif.bdrc.io/bdr:I1KG11710::I1KG117100142.tif/full/max/0/default.png,d52f1354e6db5fa91f3d4b2e05e1101b9342d6f668fcf7129382c4718d8d5e36
141,143,0143.png,https://iiifpres.bdrc.io/v:bdr:I1KG11710/canvas/I1KG117100143.tif,https://iiif.bdrc.io/bdr:I1KG11710::I1KG117100143.tif/full/max/0/default.png,4f7e6422ede4ee2dff958682371c4c5ed888b24c99075b6b2083e323646f17fd
142,144,0144.png,https://iiifpres.bdrc.io/v:bdr:I1KG11710/canvas/I1KG117100144.tif,https://iiif.bdrc.io/bdr:I1KG11710::I1KG117100144.tif/full/max/0/default.png,3369c462eb2f55b10c4374db61761733198838f0e40437a79da5ac670b457347
143,145,0145.png,https://iiifpres.bdrc.io/v:bdr:I1KG11710/canvas/I1KG117100145.tif,https://iiif.bdrc.io/bdr:I1KG11710::I1KG117100145.tif/full/max/0/default.png,c185d4e1e50cee4cf07bf76aafa9b7f545cda6598fe9f40f4edc46bb66cfc346
144,146,0146.png,https://iiifpres.bdrc.io/v:bdr:I1KG11710/canvas/I1KG117100146.tif,https://iiif.bdrc.io/bdr:I1KG11710::I1KG117100146.tif/full/max/0/default.png,4e3e270d29bd59ccfc06b8f07c36d9e40b5c0a8055db1722fd764f1b4c74349a
145,147,0147.png,https://iiifpres.bdrc.io/v:bdr:I1KG11710/canvas/I1KG117100147.tif,https://iiif.bdrc.io/bdr:I1KG11710::I1KG117100147.tif/full/max/0/default.png,398fb806a6823a9e08ec17763d9453985851c064a395eb0bb574cd0aa7d1b3ef
146,148,0148.png,https://iiifpres.bdrc.io/v:bdr:I1KG11710/canvas/I1KG117100148.tif,https://iiif.bdrc.io/bdr:I1KG11710::I1KG117100148.tif/full/max/0/default.png,08c232bd69835d1851e179d1ced61758127a8ff562067e236920de8eaa4f4da3
147,149,0149.png,https://iiifpres.bdrc.io/v:bdr:I1KG11710/canvas/I1KG117100149.tif,https://iiif.bdrc.io/bdr:I1KG11710::I1KG117100149.tif/full/max/0/default.png,8aa66275f93a207ef6443caa2a534f1b271292f547c846ee6b19e9e4e75ca066
148,150,0150.png,https://iiifpres.bdrc.io/v:bdr:I1KG11710/canvas/I1KG117100150.tif,https://iiif.bdrc.io/bdr:I1KG11710::I1KG117100150.tif/full/max/0/default.png,c74a2810e6930b4ea4cec5ac41215a70fe8e45d74655002e7f59c25d1fd38f3e
149,151,0151.png,https://iiifpres.bdrc.io/v:bdr:I1KG11710/canvas/I1KG117100151.tif,https://iiif.bdrc.io/bdr:I1KG11710::I1KG117100151.tif/full/max/0/default.png,b45188dba90eafad0d221b6870f5a9a6756e20e32ab0c1509143858683cf3369
150,152,0152.png,https://iiifpres.bdrc.io/v:bdr:I1KG11710/canvas/I1KG117100152.tif,https://iiif.bdrc.io/bdr:I1KG11710::I1KG117100152.tif/full/max/0/default.png,b95ce962da3687066c36e582938d6e662efbac1a36bd6ed040309a2fbcb019ee
151,153,0153.png,https://iiifpres.bdrc.io/v:bdr:I1KG11710/canvas/I1KG117100153.tif,https://iiif.bdrc.io/bdr:I1KG11710::I1KG117100153.tif/full/max/0/default.png,8485ebf00e6dcf04292f330f49cb01d4e224243aaded938027b117d57d11198e
152,154,0154.png,https://iiifpres.bdrc.io/v:bdr:I1KG11710/canvas/I1KG117100154.tif,https://iiif.bdrc.io/bdr:I1KG11710::I1KG117100154.tif/full/max/0/default.png,d4b799292f4188e24a75a98d7da10d8736fc21e698e0f7c49623c899dbf7f9bb
153,155,0155.png,https://iiifpres.bdrc.io/v:bdr:I1KG11710/canvas/I1KG117100155.tif,https://iiif.bdrc.io/bdr:I1KG11710::I1KG117100155.tif/full/max/0/default.png,ee0e59319fda28403f9359d4030ce0f761cedf683751855e5e649b69d0e61b26
154,156,0156.png,https://iiifpres.bdrc.io/v:bdr:I1KG11710/canvas/I1KG117100156.tif,https://iiif.bdrc.io/bdr:I1KG11710::I1KG117100156.tif/full/max/0/default.png,01bd331c6fb8bc64a465efcc0c7e106a87eb8c6efe67091357b4a9b9c1f28aca
155,157,0157.png,https://iiifpres.bdrc.io/v:bdr:I1KG11710/canvas/I1KG117100157.tif,https://iiif.bdrc.io/bdr:I1KG11710::I1KG117100157.tif/full/max/0/default.png,9f188b487ca9623132e445d49b2b92b248c13d22e3757a655342d73b987ee53d
156,158,0158.png,https://iiifpres.bdrc.io/v:bdr:I1KG11710/canvas/I1KG117100158.tif,https://iiif.bdrc.io/bdr:I1KG11710::I1KG117100158.tif/full/max/0/default.png,87fcade817801bff49a118f0b607bbb09ae91b9734c8272912ce401c0da7a598
157,159,0159.png,https://iiifpres.bdrc.io/v:bdr:I1KG11710/canvas/I1KG117100159.tif,https://iiif.bdrc.io/bdr:I1KG11710::I1KG117100159.tif/full/max/0/default.png,94a39542c59c97b9d58468b6716f5d3e9f81a172ffd74b2c8c398acf5f9a3d78
158,160,0160.png,https://iiifpres.bdrc.io/v:bdr:I1KG11710/canvas/I1KG117100160.tif,https://iiif.bdrc.io/bdr:I1KG11710::I1KG117100160.tif/full/max/0/default.png,1b16a229eeaa43973300f729729148bf62bed6109dd5d993be13a59e87c5da26
159,161,0161.png,https://iiifpres.bdrc.io/v:bdr:I1KG11710/canvas/I1KG117100161.tif,https://iiif.bdrc.io/bdr:I1KG11710::I1KG117100161.tif/full/max/0/default.png,5aac93e16f2872b80f93591309ae93e4019ecf254e1ca5e0360b8b0d1d6370ed
160,162,0162.png,https://iiifpres.bdrc.io/v:bdr:I1KG11710/canvas/I1KG117100162.tif,https://iiif.bdrc.io/bdr:I1KG11710::I1KG117100162.tif/full/max/0/default.png,89f8dade7925b9246c8efe65a5d0c98f50ac815bce791d7fe06059a7f050e102
161,163,0163.png,https://iiifpres.bdrc.io/v:bdr:I1KG11710/canvas/I1KG117100163.tif,https://iiif.bdrc.io/bdr:I1KG11710::I1KG117100163.tif/full/max/0/default.png,835613efda168eec64dbf0db497ad8949aaf13068ca9fbc7e7b3ce2f1e927754
162,164,0164.png,https://iiifpres.bdrc.io/v:bdr:I1KG11710/canvas/I1KG117100164.tif,https://iiif.bdrc.io/bdr:I1KG11710::I1KG117100164.tif/full/max/0/default.png,0a98e33ebad40ac0e9b3dd77744311f4cb4c8f32b58cdb1807e021e5604b3988
163,165,0165.png,https://iiifpres.bdrc.io/v:bdr:I1KG11710/canvas/I1KG117100165.tif,https://iiif.bdrc.io/bdr:I1KG11710::I1KG117100165.tif/full/max/0/default.png,06d77ed31dc59ce0459bbc344a3f9d8ccb1bf206ecde4e5b2fcfea56f86dc5b6
164,166,0166.png,https://iiifpres.bdrc.io/v:bdr:I1KG11710/canvas/I1KG117100166.tif,https://iiif.bdrc.io/bdr:I1KG11710::I1KG117100166.tif/full/max/0/default.png,a73cdcf41b87707441994c5f24e504c4070d1652ceefa61cf8b5005156afdd47
165,167,0167.png,https://iiifpres.bdrc.io/v:bdr:I1KG11710/canvas/I1KG117100167.tif,https://iiif.bdrc.io/bdr:I1KG11710::I1KG117100167.tif/full/max/0/default.png,146af51c3a1b41342ec9375c51d7bed9e2b872d88f42c5d8d3f2bfdb7b22c17b
166,168,0168.png,https://iiifpres.bdrc.io/v:bdr:I1KG11710/canvas/I1KG117100168.tif,https://iiif.bdrc.io/bdr:I1KG11710::I1KG117100168.tif/full/max/0/default.png,f69a179254109d0e40120ae65844e0f7e484ecbae1126d170587b1c4adff0421
167,169,0169.png,https://iiifpres.bdrc.io/v:bdr:I1KG11710/canvas/I1KG117100169.tif,https://iiif.bdrc.io/bdr:I1KG11710::I1KG117100169.tif/full/max/0/default.png,eb38847b6c403a4f53014f2b41698339b4e60e996fad1ec330d6bf86e9c1919d
168,170,0170.png,https://iiifpres.bdrc.io/v:bdr:I1KG11710/canvas/I1KG117100170.tif,https://iiif.bdrc.io/bdr:I1KG11710::I1KG117100170.tif/full/max/0/default.png,cd2eae72ee297245c26d0a74d23a48dc247f41cea556d72b452fb54813e4207b
169,171,0171.png,https://iiifpres.bdrc.io/v:bdr:I1KG11710/canvas/I1KG117100171.tif,https://iiif.bdrc.io/bdr:I1KG11710::I1KG117100171.tif/full/max/0/default.png,3e3a3371fd4b9530058f895555d494a23f492693a1ee98ed08108152fdec2000
170,172,0172.png,https://iiifpres.bdrc.io/v:bdr:I1KG11710/canvas/I1KG117100172.tif,https://iiif.bdrc.io/bdr:I1KG11710::I1KG117100172.tif/full/max/0/default.png,42217d8f4cb438c5cd6ad71298ae0ba5c81f48b847fe800cd52806fcdf11f7ec
171,173,0173.png,https://iiifpres.bdrc.io/v:bdr:I1KG11710/canvas/I1KG117100173.tif,https://iiif.bdrc.io/bdr:I1KG11710::I1KG117100173.tif/full/max/0/default.png,31869fc4e69ea16ab604de4d511483f027b8c442d67b7f2a6442f45b1c4807cc
172,174,0174.png,https://iiifpres.bdrc.io/v:bdr:I1KG11710/canvas/I1KG117100174.tif,https://iiif.bdrc.io/bdr:I1KG11710::I1KG117100174.tif/full/max/0/default.png,37f86ad8bc7e33d25072171ac3bfa18259969734023cc988f4cd06ee2519c415
173,175,0175.png,https://iiifpres.bdrc.io/v:bdr:I1KG11710/canvas/I1KG117100175.tif,https://iiif.bdrc.io/bdr:I1KG11710::I1KG117100175.tif/full/max/0/default.png,c78db285525ae9a462280dc2c6670c40aaebbd1820f3f46f1de74fb988e62bee
174,176,0176.png,https://iiifpres.bdrc.io/v:bdr:I1KG11710/canvas/I1KG117100176.tif,https://iiif.bdrc.io/bdr:I1KG11710::I1KG117100176.tif/full/max/0/default.png,79103e67c8bcdeeeacb13b4a8789618eb9ee32d442a97f15c0ca612bac129eb4
175,177,0177.png,https://iiifpres.bdrc.io/v:bdr:I1KG11710/canvas/I1KG117100177.tif,https://iiif.bdrc.io/bdr:I1KG11710::I1KG117100177.tif/full/max/0/default.png,375a00054df1e4e4d60f53a69ec04eaa76506f758cac925f56f4b54304eff255
176,178,0178.png,https://iiifpres.bdrc.io/v:bdr:I1KG11710/canvas/I1KG117100178.tif,https://iiif.bdrc.io/bdr:I1KG11710::I1KG117100178.tif/full/max/0/default.png,5a6d4f3881baed50cb9c3dc4a33caf1f9b47983b9e91becd676f1b8db2c6349b
177,179,0179.png,https://iiifpres.bdrc.io/v:bdr:I1KG11710/canvas/I1KG117100179.tif,https://iiif.bdrc.io/bdr:I1KG11710::I1KG117100179.tif/full/max/0/default.png,adcf9ef35932eea8a4ff2e6ab9f9713589e1ee61ec45477accd10e80ca389072
178,180,0180.png,https://iiifpres.bdrc.io/v:bdr:I1KG11710/canvas/I1KG117100180.tif,https://iiif.bdrc.io/bdr:I1KG11710::I1KG117100180.tif/full/max/0/default.png,cee3d30af1596826ec49c331d3f750eea2db82cacdc2a69c791ff59d2b4b0190
179,181,0181.png,https://iiifpres.bdrc.io/v:bdr:I1KG11710/canvas/I1KG117100181.tif,https://iiif.bdrc.io/bdr:I1KG11710::I1KG117100181.tif/full/max/0/default.png,fd5f7ac3f74051e6e8450014b9e2df96265fd49bc2904775b4ffb524556c669e
180,182,0182.png,https://iiifpres.bdrc.io/v:bdr:I1KG11710/canvas/I1KG117100182.tif,https://iiif.bdrc.io/bdr:I1KG11710::I1KG117100182.tif/full/max/0/default.png,b6a6bf3ff039851cfc56df9ccf9dfd1d93785cdb816fd162030df6327994edbc
181,183,0183.png,https://iiifpres.bdrc.io/v:bdr:I1KG11710/canvas/I1KG117100183.tif,https://iiif.bdrc.io/bdr:I1KG11710::I1KG117100183.tif/full/max/0/default.png,05482b4a2fc23c2a88a367d5688b1d1fcadea8135fdc4a474970609efef4fb35
182,184,0184.png,https://iiifpres.bdrc.io/v:bdr:I1KG11710/canvas/I1KG117100184.tif,https://iiif.bdrc.io/bdr:I1KG11710::I1KG117100184.tif/full/max/0/default.png,53368b1955cc1bd61a27e352975ed4a47e94f562362ad4173fb5f6d938b110cd
183,185,0185.png,https://iiifpres.bdrc.io/v:bdr:I1KG11710/canvas/I1KG117100185.tif,https://iiif.bdrc.io/bdr:I1KG11710::I1KG117100185.tif/full/max/0/default.png,f544f11b20843a6e58e4d2663fb4232cf4a252400c65c206c4c79c9a11327c28
184,186,0186.png,https://iiifpres.bdrc.io/v:bdr:I1KG11710/canvas/I1KG117100186.tif,https://iiif.bdrc.io/bdr:I1KG11710::I1KG117100186.tif/full/max/0/default.png,f0c9351bc1f373a8e1c582a4a7f5fe095f405529b873dc47a08c48a29b2d7761
185,187,0187.png,https://iiifpres.bdrc.io/v:bdr:I1KG11710/canvas/I1KG117100187.tif,https://iiif.bdrc.io/bdr:I1KG11710::I1KG117100187.tif/full/max/0/default.png,15e00ba8d7bcdac7c86aa3d75cb5aea11faa652703b1581d5b20b6085c29799f
186,188,0188.png,https://iiifpres.bdrc.io/v:bdr:I1KG11710/canvas/I1KG117100188.tif,https://iiif.bdrc.io/bdr:I1KG11710::I1KG117100188.tif/full/max/0/default.png,e191226af6f75969a7c175c7a88edf265b6602936e6503db021b660c7ce8cb88
187,189,0189.png,https://iiifpres.bdrc.io/v:bdr:I1KG11710/canvas/I1KG117100189.tif,https://iiif.bdrc.io/bdr:I1KG11710::I1KG117100189.tif/full/max/0/default.png,56d9c797cc84ef516f9c3564eeb7f290a9fb06235ca99b954d6a2abc0c03a56b
188,190,0190.png,https://iiifpres.bdrc.io/v:bdr:I1KG11710/canvas/I1KG117100190.tif,https://iiif.bdrc.io/bdr:I1KG11710::I1KG117100190.tif/full/max/0/default.png,961ffab0e8cdc3165fd09f3db3a9b4a983974877c397498a8f40b99cdf72371a
189,191,0191.png,https://iiifpres.bdrc.io/v:bdr:I1KG11710/canvas/I1KG117100191.tif,https://iiif.bdrc.io/bdr:I1KG11710::I1KG117100191.tif/full/max/0/default.png,d32c50ca99f3f6025d96971a73403f203936309bb8a0b0c2aecf56a6bcc4a369
190,192,0192.png,https://iiifpres.bdrc.io/v:bdr:I1KG11710/canvas/I1KG117100192.tif,https://iiif.bdrc.io/bdr:I1KG11710::I1KG117100192.tif/full/max/0/default.png,9f8e796393d34b288eb56d3189ec26c7a70b51caabc37690e4c7f4da196b7bcd
191,193,0193.png,https://iiifpres.bdrc.io/v:bdr:I1KG11710/canvas/I1KG117100193.tif,https://iiif.bdrc.io/bdr:I1KG11710::I1KG117100193.tif/full/max/0/default.png,f5a19ebe153763f55689085d42e213080b99620fda6f48a1328d8bb7c97afc04
192,194,0194.png,https://iiifpres.bdrc.io/v:bdr:I1KG11710/canvas/I1KG117100194.tif,https://iiif.bdrc.io/bdr:I1KG11710::I1KG117100194.tif/full/max/0/default.png,69c4ede71cf4eab16b64241ec103c3f1fafa8f84b13d580688b80483ea8f9b38
193,195,0195.png,https://iiifpres.bdrc.io/v:bdr:I1KG11710/canvas/I1KG117100195.tif,https://iiif.bdrc.io/bdr:I1KG11710::I1KG117100195.tif/full/max/0/default.png,3b3cfde90b7d7fe333a50335b060cbab1b02f605b58f4f8b825d95dddc6b2952
194,196,0196.png,https://iiifpres.bdrc.io/v:bdr:I1KG11710/canvas/I1KG117100196.tif,https://iiif.bdrc.io/bdr:I1KG11710::I1KG117100196.tif/full/max/0/default.png,64a70f6d4e0996f73c130b10da1499ccbb4bc1ad693422d6c6ae51e0edec7078
195,197,0197.png,https://iiifpres.bdrc.io/v:bdr:I1KG11710/canvas/I1KG117100197.tif,https://iiif.bdrc.io/bdr:I1KG11710::I1KG117100197.tif/full/max/0/default.png,9266a3058d3b422ce741cb6026a82a695383ce5e064e8ad6b78298b1c53ec878
196,198,0198.png,https://iiifpres.bdrc.io/v:bdr:I1KG11710/canvas/I1KG117100198.tif,https://iiif.bdrc.io/bdr:I1KG11710::I1KG117100198.tif/full/max/0/default.png,47338e35207edb0a5fe8c9a9103a9823a9bfa32d9a7db42d360b55317352216c
197,199,0199.png,https://iiifpres.bdrc.io/v:bdr:I1KG11710/canvas/I1KG117100199.tif,https://iiif.bdrc.io/bdr:I1KG11710::I1KG117100199.tif/full/max/0/default.png,c896af231e068a527dd9dd7db490ea00e39955182cd54e6399c6c6cd51252c16
198,200,0200.png,https://iiifpres.bdrc.io/v:bdr:I1KG11710/canvas/I1KG117100200.tif,https://iiif.bdrc.io/bdr:I1KG11710::I1KG117100200.tif/full/max/0/default.png,fa6d01a88c10d39ea461f79aa8a846d841827c070b8a18101aa89fdf086ddc9b
199,201,0201.png,https://iiifpres.bdrc.io/v:bdr:I1KG11710/canvas/I1KG117100201.tif,https://iiif.bdrc.io/bdr:I1KG11710::I1KG117100201.tif/full/max/0/default.png,c6cc24181f374032ea1d359e37a165e58db8e499edae145b00db5073f94adaef
200,202,0202.png,https://iiifpres.bdrc.io/v:bdr:I1KG11710/canvas/I1KG117100202.tif,https://iiif.bdrc.io/bdr:I1KG11710::I1KG117100202.tif/full/max/0/default.png,f7387edc2ebcaddab0feeeda11378bd9746d7bf15d60ed3b4b91691147552634
201,203,0203.png,https://iiifpres.bdrc.io/v:bdr:I1KG11710/canvas/I1KG117100203.tif,https://iiif.bdrc.io/bdr:I1KG11710::I1KG117100203.tif/full/max/0/default.png,f5e9a52a770646cdea538a57a76e10cc65fd1a3e7b0c48402bb68088d390852a
202,204,0204.png,https://iiifpres.bdrc.io/v:bdr:I1KG11710/canvas/I1KG117100204.tif,https://iiif.bdrc.io/bdr:I1KG11710::I1KG117100204.tif/full/max/0/default.png,d56734eec50a6b59bf1d6cbe251628e158322cb65b58c6e32432addee6d1d110
203,205,0205.png,https://iiifpres.bdrc.io/v:bdr:I1KG11710/canvas/I1KG117100205.tif,https://iiif.bdrc.io/bdr:I1KG11710::I1KG117100205.tif/full/max/0/default.png,988932b941433a73f34ca4f48b399bbaf2a475b20451e490a07d573493b6ad37
204,206,0206.png,https://iiifpres.bdrc.io/v:bdr:I1KG11710/canvas/I1KG117100206.tif,https://iiif.bdrc.io/bdr:I1KG11710::I1KG117100206.tif/full/max/0/default.png,6c5cbdde4e9ba79f36db447dce30f60e3db62c728d9694a77afc00c3bde11055
205,207,0207.png,https://iiifpres.bdrc.io/v:bdr:I1KG11710/canvas/I1KG117100207.tif,https://iiif.bdrc.io/bdr:I1KG11710::I1KG117100207.tif/full/max/0/default.png,13a6158bf05517b64e3657aecca71c1a72d906baaebc13771cd09f0ebeb4f148
